datetime,open,high,low,close,volume
2023-01-03 00:00:00,262.900871194,264.373664089,256.52039965,258.820109486,42335325.0
2023-01-04 00:00:00,260.933885335,261.726551278,256.911839622,260.053145398,47754861.0
2023-01-05 00:00:00,258.389525517,258.555887505,255.669017711,255.982169689,45396744.0
2023-01-06 00:00:00,257.714291565,264.163265104,254.768705776,263.047661184,54659739.0
2023-01-09 00:00:00,265.034219041,269.398774729,264.143693105,264.750425062,45568676.0
2023-01-10 00:00:00,263.722895135,267.099064894,263.214023172,266.991418901,35247763.0
2023-01-11 00:00:00,268.058092825,271.718056563,267.275212881,271.610410571,44077036.0
2023-01-12 00:00:00,272.168212531,274.105840393,267.881944838,273.078310466,60599953.0
2023-01-13 00:00:00,270.582880645,275.200893714,270.250156668,274.957222332,44802936.0
2023-01-17 00:00:00,274.761502346,276.7969902,273.597947029,275.515024292,36269738.0
2023-01-18 00:00:00,277.051426182,278.597614071,271.727842563,271.933348548,47754549.0
2023-01-19 00:00:00,270.308872664,271.439155583,268.028734827,269.261770739,44150436.0
2023-01-20 00:00:00,270.866674624,276.963352188,269.8097867,276.630628212,60613606.0
2023-01-23 00:00:00,277.472224152,283.999485685,276.679558208,282.776235772,52799905.0
2023-01-24 00:00:00,281.161545888,283.353609731,280.642887925,282.198861814,44875146.0
2023-01-25 00:00:00,277.697302136,282.189075814,275.162728317,281.572557858,50872022.0
2023-01-26 00:00:00,284.987871614,287.238651453,282.344673203,287.062503466,51596335.0
2023-01-27 00:00:00,285.75117956,291.877215121,285.633747568,289.920015261,56441939.0
2023-01-30 00:00:00,286.661277494,288.080247393,283.686333707,284.058201681,49405833.0
2023-01-31 00:00:00,284.097345678,288.412971369,283.989699686,288.315111376,46705106.0
2023-02-01 00:00:00,288.109605391,296.936576759,286.044759539,294.480290935,67562173.0
2023-02-02 00:00:00,300.98798047,306.967226042,300.165956528,305.049170179,83070628.0
2023-02-03 00:00:00,298.414262654,305.704832132,298.022822682,299.627726567,76170804.0
2023-02-06 00:00:00,297.014864754,299.363504586,295.752470844,297.093152748,40802348.0
2023-02-07 00:00:00,296.965934757,304.373936227,295.850330837,303.248546308,67583981.0
2023-02-08 00:00:00,301.937222402,302.876678335,297.171440743,297.856460694,56720860.0
2023-02-09 00:00:00,302.230802381,302.37759237,293.775698986,295.224026882,49137818.0
2023-02-10 00:00:00,293.071107036,295.11638089,290.888829192,293.286399021,50050104.0
2023-02-13 00:00:00,294.68579692,298.570838643,293.511477004,297.983678685,39636720.0
2023-02-14 00:00:00,296.408132797,301.134770459,294.470504936,300.185528527,64079057.0
2023-02-15 00:00:00,298.375118657,302.651600351,297.690098706,302.485238363,43427298.0
2023-02-16 00:00:00,297.866246693,301.829576409,296.662568779,296.809358769,59498630.0
2023-02-17 00:00:00,294.627080925,295.468676864,291.720639133,294.715154918,58230729.0
2023-02-21 00:00:00,290.898615191,292.337157088,287.600733427,287.737737417,46526708.0
2023-02-22 00:00:00,288.315111376,290.017777394,286.29919552,287.953029402,51389237.0
2023-02-23 00:00:00,291.593421142,291.74999713,286.289409521,290.468031222,69294443.0
2023-02-24 00:00:00,285.516315576,286.700421492,283.842909696,285.60438957,74331958.0
2023-02-27 00:00:00,288.755481345,290.145093245,287.062503466,287.649663424,48995009.0
2023-02-28 00:00:00,287.023359469,289.786925671,286.690635492,287.27779545,48243141.0
2023-03-01 00:00:00,286.984215471,287.639877424,283.989699686,284.968299616,58286972.0
2023-03-02 00:00:00,282.482655793,288.129177389,282.198861814,287.326725447,53738557.0
2023-03-03 00:00:00,289.068633322,293.501691005,288.559761359,293.266827022,60511540.0
2023-03-06 00:00:00,294.499862934,297.49437872,293.403831012,293.599550998,56736294.0
2023-03-07 00:00:00,293.648480995,294.568364929,289.391571299,289.998303256,65955756.0
2023-03-08 00:00:00,290.419101226,292.043577109,288.569547358,291.446631152,50876265.0
2023-03-09 00:00:00,291.945717116,294.539006931,285.584719711,286.397055513,71456691.0
2023-03-10 00:00:00,286.563417501,288.050889395,281.230047883,282.375009801,98593561.0
2023-03-13 00:00:00,280.593957928,288.168321387,279.086914036,284.469213651,97123603.0
2023-03-14 00:00:00,288.011745398,291.554277144,287.170149458,291.006261184,73602545.0
2023-03-15 00:00:00,288.40318537,292.865601051,286.964643473,292.532877074,83631535.0
2023-03-16 00:00:00,291.62277914,300.606326497,290.830113196,300.244244523,98556824.0
2023-03-17 00:00:00,300.156170529,302.534168359,296.877860764,298.825274624,89923732.0
2023-03-20 00:00:00,298.209987364,300.209423288,296.004727154,299.885985124,56359491.0
2023-03-21 00:00:00,301.816812953,304.619943709,300.302534275,304.16909051,49757048.0
2023-03-22 00:00:00,304.100482415,308.981458347,299.866382811,300.033002471,75791914.0
2023-03-23 00:00:00,303.757441938,307.903331133,300.905305399,303.590822277,74575981.0
2023-03-24 00:00:00,303.169372548,304.806165682,300.84649846,304.708154117,57245803.0
2023-03-27 00:00:00,305.404036228,306.482163442,301.76780717,302.620507785,50287407.0
2023-03-28 00:00:00,302.042239552,302.071643021,298.713766808,301.01311812,48585917.0
2023-03-29 00:00:00,304.698352961,307.119238614,303.884856972,306.501765755,53274266.0
2023-03-30 00:00:00,308.97165719,310.030182091,306.588800024,309.402908076,58354808.0
2023-03-31 00:00:00,309.628334675,314.783742989,309.324498824,314.548515233,62138097.0
2023-04-03 00:00:00,312.431465431,314.048656252,311.108407317,313.784025027,47126839.0
2023-04-04 00:00:00,314.225077069,315.234596187,311.505354154,312.725500126,45875384.0
2023-04-05 00:00:00,311.774787946,312.715698969,307.824921881,309.638135832,62795706.0
2023-04-06 00:00:00,307.991541541,312.215839988,306.59977732,311.725782164,46916496.0
2023-04-10 00:00:00,308.80503753,311.59836713,307.021227049,311.549361347,45134736.0
2023-04-11 00:00:00,311.510156721,311.56896366,309.040265286,309.549925423,40113594.0
2023-04-12 00:00:00,311.500355565,312.088424954,306.349847829,306.815402762,62813305.0
2023-04-13 00:00:00,308.569809774,313.293967202,307.393670995,312.823511691,54613792.0
2023-04-14 00:00:00,311.274928965,313.989849313,309.33429998,312.235442301,56278284.0
2023-04-17 00:00:00,311.823793729,312.852817149,309.755749709,312.500073527,43007023.0
2023-04-18 00:00:00,314.607322172,315.028771901,311.323934748,312.51967584,46746940.0
2023-04-19 00:00:00,310.1183925,313.431183393,309.990977465,312.372658492,38960127.0
2023-04-20 00:00:00,309.412709232,312.921523256,308.707025965,309.990977465,62462142.0
2023-04-21 00:00:00,309.628334675,311.088706992,307.85432535,310.314415629,59002285.0
2023-04-24 00:00:00,310.08898903,311.421064209,307.501483717,309.667539301,44043063.0
2023-04-25 00:00:00,308.040547324,308.707025965,303.728038468,303.826050033,57121644.0
2023-04-26 00:00:00,307.207449022,308.672721917,305.149206159,305.668667453,55400496.0
2023-04-27 00:00:00,309.422510389,314.479907138,308.785435217,313.980048157,65430392.0
2023-04-28 00:00:00,313.744820401,316.234314149,312.617687405,316.146103741,59712635.0
2023-05-01 00:00:00,315.685449386,317.194827485,314.705333737,315.783460951,41013386.0
2023-05-02 00:00:00,315.714852855,316.03829102,311.294531278,313.029335977,56519407.0
2023-05-03 00:00:00,313.391978767,316.057893333,310.873081549,310.980894271,59882070.0
2023-05-04 00:00:00,310.755467671,311.902202981,308.849142734,309.883164744,50224520.0
2023-05-05 00:00:00,312.137430737,317.32224252,309.923937555,316.469541905,51806098.0
2023-05-08 00:00:00,316.00888755,317.596674901,314.925859758,317.253634424,36465796.0
2023-05-09 00:00:00,315.597238978,316.459740749,314.930760336,315.244397344,31768800.0
2023-05-10 00:00:00,317.675084153,319.52750273,315.205192718,318.674802115,60446623.0
2023-05-11 00:00:00,319.223666879,320.25278831,317.675084153,319.713724703,44278548.0
2023-05-12 00:00:00,320.242987154,320.664436883,316.518547688,318.566989394,48432836.0
2023-05-15 00:00:00,319.037444905,320.527220692,317.51826565,320.291992936,33375559.0
2023-05-16 00:00:00,319.576508512,322.362487245,319.537303886,320.654635726,40019151.0
2023-05-17 00:00:00,321.713160627,325.114161929,320.537021848,324.535893696,47486124.0
2023-05-18 00:00:00,324.927939956,330.779230381,324.908337643,330.563604938,64213466.0
2023-05-19 00:00:00,330.779230381,331.48001307,328.760192144,329.818717044,61554926.0
2023-05-22 00:00:00,329.563886976,331.935766846,329.554085819,330.926247728,43015948.0
2023-05-23 00:00:00,329.211045342,330.357780651,326.378511117,326.73135275,48216663.0
2023-05-24 00:00:00,324.780922609,326.28540013,323.006913284,325.05535499,62891169.0
2023-05-25 00:00:00,332.396421201,334.229237465,329.97063497,332.964888278,66862773.0
2023-05-26 00:00:00,333.984208553,342.300489835,333.886196988,341.472292111,63006952.0
2023-05-30 00:00:00,345.696590558,346.89233165,341.599707145,343.020874837,72652156.0
2023-05-31 00:00:00,341.442888642,343.628546539,339.619873534,341.070444695,65105378.0
2023-06-01 00:00:00,340.815614626,346.33366573,339.766890882,345.010509604,50488601.0
2023-06-02 00:00:00,346.764916616,348.754551383,345.010509604,347.598014917,53372113.0
2023-06-05 00:00:00,347.382389475,350.386443939,346.813922398,347.84304383,47266228.0
2023-06-06 00:00:00,347.235372127,348.744750227,345.912216001,347.784236891,41390400.0
2023-06-07 00:00:00,348.068470429,350.01890057,341.256666668,341.883940684,69225936.0
2023-06-08 00:00:00,342.177975378,346.588495799,341.952548779,346.127841444,47153922.0
2023-06-09 00:00:00,347.578412604,350.548163021,346.010227566,347.45099757,53196927.0
2023-06-12 00:00:00,349.107393017,353.419901872,348.137078524,353.321890308,44817646.0
2023-06-13 00:00:00,356.066214125,356.869908957,352.871037109,356.036810655,57097804.0
2023-06-14 00:00:00,356.046611812,358.908549507,353.253282212,358.624315969,69525642.0
2023-06-15 00:00:00,357.359966781,364.377594828,356.742493923,362.897620198,71138823.0
2023-06-16 00:00:00,365.308704695,365.436119729,360.172898694,360.613950736,80931971.0
2023-06-20 00:00:00,359.165266872,361.491326942,357.14336124,360.09765382,49204722.0
2023-06-21 00:00:00,358.959160284,359.39100266,354.267781747,355.190354095,53378256.0
2023-06-22 00:00:00,353.943899965,359.538221651,353.541501387,359.38118806,47603043.0
2023-06-23 00:00:00,355.494606678,358.115104731,354.133027296,355.81848846,48922911.0
2023-06-26 00:00:00,355.28850009,358.075846333,350.960261732,351.048593127,52685478.0
2023-06-27 00:00:00,352.589485241,357.810852148,351.863204881,357.084571789,49428091.0
2023-06-28 00:00:00,355.268870891,359.724699041,355.194083643,357.78140835,46498031.0
2023-06-29 00:00:00,357.486970366,358.124919331,355.425904482,357.06494259,46150967.0
2023-06-30 00:00:00,360.735602784,363.621095023,360.421535602,362.570932881,58712501.0
2023-07-03 00:00:00,363.208881846,364.052937398,362.129275906,363.424803034,19432862.0
2023-07-05 00:00:00,361.859374421,365.112914139,361.825023323,363.414988434,34460883.0
2023-07-06 00:00:00,359.714884441,361.088928364,357.761779151,360.647271389,49374728.0
2023-07-07 00:00:00,360.421535602,363.611280423,359.224154469,359.449890256,47133749.0
2023-07-10 00:00:00,359.175081472,360.244872812,356.672358612,359.56766545,48498800.0
2023-07-11 00:00:00,359.989693226,361.797542445,357.859925145,361.34410795,38214146.0
2023-07-12 00:00:00,365.436795921,367.252496819,363.434617633,365.907896694,61703696.0
2023-07-13 00:00:00,369.078012317,372.9449645,368.498950949,372.120538146,46960012.0
2023-07-14 00:00:00,372.547473222,375.761754542,371.168522,372.042021351,55148500.0
2023-07-17 00:00:00,372.758487111,376.389888907,372.277571737,375.516389556,40868915.0
2023-07-18 00:00:00,374.878440592,379.952588507,372.9547791,378.588359184,55343438.0
2023-07-19 00:00:00,379.648335924,380.786829461,377.175056863,378.500027789,54092958.0
2023-07-20 00:00:00,375.516389556,376.973857574,368.754130535,369.774848878,71941674.0
2023-07-21 00:00:00,372.149981945,372.876262304,368.234938224,368.66579914,60499643.0
2023-07-24 00:00:00,369.637444485,370.579646033,367.399715811,369.254675107,40380056.0
2023-07-25 00:00:00,369.961326267,373.416065274,369.941697068,371.757397967,38894384.0
2023-07-26 00:00:00,370.717050425,372.208869541,368.224142165,370.520758436,47075710.0
2023-07-27 00:00:00,375.967861131,377.57745544,368.351731957,369.637444485,63940225.0
2023-07-28 00:00:00,373.681059459,377.390978051,373.170700287,376.370259708,56902926.0
2023-07-31 00:00:00,376.674512291,377.744303631,375.251395371,376.566551697,44019905.0
2023-08-01 00:00:00,375.221951572,376.448776504,373.631986462,375.693052346,41308457.0
2023-08-02 00:00:00,372.22849874,372.22849874,366.212149277,367.448788808,72687107.0
2023-08-03 00:00:00,365.044211943,368.979866322,364.877363752,366.859912841,47855381.0
2023-08-04 00:00:00,368.783574333,371.090005204,364.641813365,365.142357937,61702759.0
2023-08-07 00:00:00,366.948244236,368.332102759,364.622184166,368.233956764,37230444.0
2023-08-08 00:00:00,365.731233904,365.750863103,361.982056914,365.10309954,44726453.0
2023-08-09 00:00:00,365.387722924,365.544756515,360.333204207,361.088928364,51150900.0
2023-08-10 00:00:00,364.092195796,367.41934501,360.230150913,361.756321127,72035265.0
2023-08-11 00:00:00,359.20452527,361.17725976,357.928627342,359.449890256,48707187.0
2023-08-14 00:00:00,358.654907701,363.601465824,357.938441941,363.48369063,42130802.0
2023-08-15 00:00:00,362.512045285,363.30604638,358.959160284,359.626553046,45539891.0
2023-08-16 00:00:00,359.086750077,360.617827591,355.720342465,355.81848846,53190525.0
2023-08-17 00:00:00,357.212161582,357.555672562,351.519693901,351.931907078,62604338.0
2023-08-18 00:00:00,348.67346006,352.746518832,348.13365709,351.490250102,61191389.0
2023-08-21 00:00:00,352.95262542,357.830481347,352.491339246,357.153273985,50696518.0
2023-08-22 00:00:00,359.754142839,359.763957439,355.955892852,356.642914814,44613509.0
2023-08-23 00:00:00,357.820666748,363.356100837,357.60474556,362.266680298,51770603.0
2023-08-24 00:00:00,365.731233904,365.829379899,354.316854744,354.522961332,66842491.0
2023-08-25 00:00:00,355.357202286,358.959160284,351.931907078,357.271049178,69960465.0
2023-08-28 00:00:00,360.185985215,360.892636375,357.496784966,359.960249428,40910019.0
2023-08-29 00:00:00,359.763957439,368.175069167,359.441057117,367.821743587,58492371.0
2023-08-30 00:00:00,367.929704181,370.448817422,366.928615037,369.872994872,41731511.0
2023-08-31 00:00:00,369.951511668,372.678988855,369.882809472,370.98204461,35730701.0
2023-09-01 00:00:00,373.347363078,373.769390854,369.107554261,370.589460632,39801177.0
2023-09-05 00:00:00,369.784663477,372.276884715,368.862091129,371.060561406,32344222.0
2023-09-06 00:00:00,370.285208049,370.62871903,365.790121501,367.792299789,42998735.0
2023-09-07 00:00:00,363.346286238,365.937340493,362.305938696,365.161987136,52060716.0
2023-09-08 00:00:00,365.112914139,367.900260383,364.710515562,365.672346308,35847359.0
2023-09-11 00:00:00,368.695242938,370.491314638,366.732323048,369.980955466,39936634.0
2023-09-12 00:00:00,368.31247356,369.962994749,365.593829512,365.878452896,41391024.0
2023-09-13 00:00:00,366.114003283,368.871905728,364.985324346,367.272126018,46300677.0
2023-09-14 00:00:00,369.01912472,371.256853395,366.958058836,370.27539345,48039388.0
2023-09-15 00:00:00,368.940607924,369.343006502,363.002775257,363.935162205,69811206.0
2023-09-18 00:00:00,362.997053246,365.424765587,362.712018194,364.314111763,36903545.0
2023-09-19 00:00:00,362.997053246,364.336324839,360.520196932,363.537636966,37621734.0
2023-09-20 00:00:00,364.599146815,364.952983431,358.220258925,358.298889284,45514189.0
2023-09-21 00:00:00,354.622919992,355.409223584,351.566164778,351.733254291,69734845.0
2023-09-22 00:00:00,353.472950988,355.605799482,351.467876829,351.782398265,51589689.0
2023-09-25 00:00:00,350.819176365,353.541752553,349.836296875,353.453293398,39167985.0
2023-09-26 00:00:00,350.878149135,351.418732854,347.16296295,348.145744152,53657748.0
2023-09-27 00:00:00,349.295713156,350.86832034,345.344537606,348.961534129,56065972.0
2023-09-28 00:00:00,348.047456203,354.003705913,347.192351047,351.880686214,56453312.0
2023-09-29 00:00:00,355.350250814,356.736110895,350.907635519,352.136234882,64829616.0
2023-10-02 00:00:00,352.401612344,356.470733433,351.79222706,355.075044557,51625054.0
2023-10-03 00:00:00,352.637503422,354.829324684,347.226751829,348.84358859,60478489.0
2023-10-04 00:00:00,349.679036157,354.436172888,349.217082797,353.590896527,54786686.0
2023-10-05 00:00:00,353.581067732,353.984048323,349.059822078,352.549044268,45897390.0
2023-10-06 00:00:00,349.561090618,359.645434185,348.774787026,358.456150003,75049119.0
2023-10-09 00:00:00,356.097239227,360.824889573,354.603262402,360.284305854,45304766.0
2023-10-10 00:00:00,360.618484881,364.923497047,360.117216341,362.279551219,46968806.0
2023-10-11 00:00:00,363.60643853,365.053237139,361.886399423,364.864524277,38215088.0
2023-10-12 00:00:00,365.365792817,367.341380592,361.208212575,363.596609735,49587942.0
2023-10-13 00:00:00,364.225652609,364.805551508,357.630531231,359.026220107,52519876.0
2023-10-16 00:00:00,360.343278623,364.137193455,360.1958467,363.0855124,44201059.0
2023-10-17 00:00:00,359.547146236,363.58678094,357.433955333,361.896228218,50999102.0
2023-10-18 00:00:00,359.409543108,361.611193165,355.822032969,357.148920281,54280490.0
2023-10-19 00:00:00,358.564266746,359.753550929,353.010997628,353.807130015,72274238.0
2023-10-20 00:00:00,353.305861475,353.875931579,348.303004871,348.529067154,72559723.0
2023-10-23 00:00:00,347.212008637,353.109285577,345.10854824,349.580748208,60665185.0
2023-10-24 00:00:00,351.389246469,353.748157245,349.698693747,352.981511243,47082078.0
2023-10-25 00:00:00,350.593114083,350.770032391,343.762101627,344.342000526,71190536.0
2023-10-26 00:00:00,343.142887548,344.076623064,336.488793401,337.776365533,78621425.0
2023-10-27 00:00:00,340.49894172,342.867681291,338.189174919,339.398116691,63476707.0
2023-10-30 00:00:00,341.874973006,344.538576424,340.51859931,343.221517908,55298536.0
2023-10-31 00:00:00,343.251004292,345.236420862,340.685688823,344.862926656,47671906.0
2023-11-01 00:00:00,345.698374222,351.408707483,345.600086273,350.84866275,58992666.0
2023-11-02 00:00:00,355.350250814,357.453612923,354.131480247,357.217721845,58162442.0
2023-11-03 00:00:00,358.505293977,362.702189399,358.279231694,361.414617267,53280457.0
2023-11-06 00:00:00,362.18126327,363.449177812,360.628313675,362.888936502,38848743.0
2023-11-07 00:00:00,363.930788762,367.184119874,362.726761387,366.319185923,50777398.0
2023-11-08 00:00:00,366.692680129,367.390524567,364.274796583,366.555077,35663373.0
2023-11-09 00:00:00,367.243092643,368.383232852,363.242773119,363.734212864,53859421.0
2023-11-10 00:00:00,365.454251971,372.059202144,364.923497047,371.911770221,58368439.0
2023-11-13 00:00:00,370.339163037,371.803653477,368.815699827,370.751972422,40733505.0
2023-11-14 00:00:00,377.140689107,379.647031807,376.619762978,378.732953881,67792634.0
2023-11-15 00:00:00,380.620082502,381.111522247,377.65670084,379.017988933,54141385.0
2023-11-16 00:00:00,378.251342931,379.578230243,376.993257184,379.342339165,45343544.0
2023-11-17 00:00:00,378.615008342,380.443164194,377.710759212,379.430798319,46622745.0
2023-11-20 00:00:00,379.440627114,384.70886118,379.440627114,384.050331922,44536669.0
2023-11-21 00:00:00,382.349950404,382.566183892,380.079498783,381.81919548,43336989.0
2023-11-22 00:00:00,383.883242409,386.340441134,382.379436789,383.381973869,44178572.0
2023-11-24 00:00:00,382.978993278,383.568720972,381.848681865,382.841390149,15718832.0
2023-11-27 00:00:00,382.349950404,384.453214225,381.632448377,382.507211123,34139656.0
2023-11-28 00:00:00,381.76022271,384.089647102,381.406386094,383.509748203,35491123.0
2023-11-29 00:00:00,385.966946928,387.392122188,382.792246175,383.136253996,38811745.0
2023-11-30 00:00:00,383.401631459,383.863584819,379.214564831,382.173032096,52834381.0
2023-12-01 00:00:00,381.111522247,383.853756024,379.46284019,383.26402833,40490068.0
2023-12-04 00:00:00,379.479942294,379.976296436,376.108665643,379.706004576,51186944.0
2023-12-05 00:00:00,377.809047161,381.848681865,377.632128852,380.659397682,42932956.0
2023-12-06 00:00:00,383.588378562,383.686666511,378.113739803,378.457747624,41994072.0
2023-12-07 00:00:00,381.426043684,384.571258052,380.33504745,383.74563928,49593545.0
2023-12-08 00:00:00,382.015771378,385.898145363,381.829122563,385.455849593,46687525.0
2023-12-11 00:00:00,385.033211412,389.013873347,384.826806719,388.748495884,41198021.0
2023-12-12 00:00:00,388.787811064,391.962511817,387.65749965,391.844566278,39221152.0
2023-12-13 00:00:00,392.778301793,397.437150576,392.011557503,396.827765292,55408129.0
2023-12-14 00:00:00,398.04653586,399.343936787,393.485975026,396.483757471,55447808.0
2023-12-15 00:00:00,397.260232268,399.579729576,396.660675779,398.400372476,62896645.0
2023-12-18 00:00:00,398.792596254,401.806216743,398.467597966,400.910009342,46609985.0
2023-12-19 00:00:00,401.363037259,403.076664596,401.170992816,402.9584834,35711855.0
2023-12-20 00:00:00,402.160760329,404.248529635,396.793364361,396.970636154,54042443.0
2023-12-21 00:00:00,400.890312476,401.953943237,398.339568337,401.589551217,45568914.0
2023-12-22 00:00:00,402.800908473,403.756206471,400.317823068,402.190305628,34314003.0
2023-12-26 00:00:00,403.047119297,405.322107313,402.948634967,404.652413871,22722545.0
2023-12-27 00:00:00,404.934069663,405.759309432,404.076805663,405.476018168,31980481.0
2023-12-28 00:00:00,406.628890443,406.875230673,404.924216053,405.278945984,27029152.0
2023-12-29 00:00:00,405.259238766,405.613968697,401.613403366,403.525003548,42662120.0
2024-01-02 00:00:00,399.898875366,400.145215596,394.38085422,396.69645238,58026946.0
2024-01-03 00:00:00,394.075392335,395.129728519,392.06525606,392.498814865,47002803.0
2024-01-04 00:00:00,390.636482728,393.740369623,390.262045579,390.478824981,39432797.0
2024-01-05 00:00:00,390.646336337,393.710808795,389.552585717,390.941944613,44922810.0
2024-01-08 00:00:00,392.163792152,399.307658815,392.015889478,399.021904149,42473796.0
2024-01-09 00:00:00,396.026406955,400.736432148,395.829334771,399.810192884,39132860.0
2024-01-10 00:00:00,400.125508378,403.520076744,399.238683551,402.519935411,33962774.0
2024-01-11 00:00:00,403.791050997,405.180804037,398.324268618,403.357492192,54536198.0
2024-01-12 00:00:00,404.392121157,405.229677938,402.175059089,403.564417985,39594952.0
2024-01-16 00:00:00,402.332716836,405.101581019,400.874382676,403.525003548,43903027.0
2024-01-17 00:00:00,400.22404447,401.61833017,397.021621483,401.248819825,54385974.0
2024-01-18 00:00:00,404.510364467,407.520642075,403.170372154,406.944205937,59562505.0
2024-01-19 00:00:00,409.141560787,415.171969611,408.55527104,415.014311864,70325123.0
2024-01-22 00:00:00,417.211666713,418.509879724,414.955190209,415.556260369,44880639.0
2024-01-23 00:00:00,416.246013013,417.49742138,414.413241703,417.280641978,33003806.0
2024-01-24 00:00:00,421.182671217,423.557391032,419.103559678,419.596240137,46948016.0
2024-01-25 00:00:00,422.089203262,422.759248687,417.773322437,420.108627815,44367205.0
2024-01-26 00:00:00,418.22658846,419.970677286,416.955472874,417.605811081,37137028.0
2024-01-29 00:00:00,418.059077104,422.079349653,417.408738897,421.882277469,38694724.0
2024-01-30 00:00:00,420.847648504,421.419157837,418.167466805,419.07399885,36738956.0
2024-01-31 00:00:00,414.689142761,416.679473281,410.68857743,410.865942395,64010649.0
2024-02-01 00:00:00,412.659299268,416.191818162,411.693645567,415.704064507,51008622.0
2024-02-02 00:00:00,417.595957472,423.94168179,416.600742944,422.72968786,59602435.0
2024-02-05 00:00:00,422.788809515,423.320904411,418.778390575,422.177885745,39889209.0
2024-02-06 00:00:00,423.320904411,423.921974572,418.995169977,421.330475355,35846134.0
2024-02-07 00:00:00,424.109193146,426.49376657,422.808516733,425.666063398,37712661.0
2024-02-08 00:00:00,425.784306709,427.213080041,425.104407674,426.454352134,29889892.0
2024-02-09 00:00:00,427.58751719,431.435351579,426.799326991,430.651989648,36943905.0
2024-02-12 00:00:00,430.543599947,432.711393969,428.287123443,428.967022477,33203305.0
2024-02-13 00:00:00,421.02501347,424.956603537,419.104052358,422.276421837,64491669.0
2024-02-14 00:00:00,424.946749927,427.301762524,422.601492404,426.878057329,45092722.0
2024-02-15 00:00:00,427.567809972,428.612292546,425.015725192,428.149172914,38796137.0
2024-02-16 00:00:00,428.523610063,428.622146155,423.557391032,424.266850893,53716475.0
2024-02-20 00:00:00,422.276421837,423.784024043,417.300349196,421.064427907,53999452.0
2024-02-21 00:00:00,418.334978161,419.468143218,415.457724277,419.379460735,50179697.0
2024-02-22 00:00:00,428.129465696,432.691686751,427.360884179,431.657057786,53887751.0
2024-02-23 00:00:00,433.213928038,434.140167302,429.410434891,430.3859422,39853861.0
2024-02-26 00:00:00,431.193938154,432.179299073,429.96716381,430.159309189,33043238.0
2024-02-27 00:00:00,431.262913418,431.578228912,428.656633787,431.193938154,33713220.0
2024-02-28 00:00:00,429.05570496,430.277552499,427.942247121,428.898047213,32938821.0
2024-02-29 00:00:00,431.814715533,433.647486842,428.651706983,432.573443441,42495152.0
2024-03-01 00:00:00,433.460268268,440.042479207,433.401146612,439.086679115,43853029.0
2024-03-04 00:00:00,439.086679115,439.51038431,437.273615024,437.519955254,34325687.0
2024-03-05 00:00:00,434.485043623,434.494897233,427.301762524,429.666628729,57917135.0
2024-03-06 00:00:00,433.874119854,435.519672588,430.494331901,432.366517648,46234460.0
2024-03-07 00:00:00,435.943377783,440.180429735,434.40621475,438.929021368,44526666.0
2024-03-08 00:00:00,439.283751299,442.0723227,431.923105234,432.593150659,72095957.0
2024-03-11 00:00:00,431.105255671,432.238420728,429.065558569,430.987012361,45859992.0
2024-03-12 00:00:00,433.292756911,437.519955254,430.070626706,437.165225323,55300909.0
2024-03-13 00:00:00,436.170010795,436.189718013,432.691686751,433.805144589,37928691.0
2024-03-14 00:00:00,435.036845738,435.559087025,430.001651442,432.711393969,52195208.0
2024-03-15 00:00:00,429.686335948,432.448598212,426.406759201,427.567809972,73069824.0
2024-03-18 00:00:00,432.879470956,435.158666767,431.409340325,431.64613989,47323802.0
2024-03-19 00:00:00,429.643210238,433.126137169,427.55148075,432.72160458,43004105.0
2024-03-20 00:00:00,433.915469052,438.187727865,432.218405505,437.852261815,43653490.0
2024-03-21 00:00:00,442.894119214,443.347985047,439.726925036,439.924258007,39345652.0
2024-03-22 00:00:00,439.411192283,441.522655068,438.562660509,440.427457082,28253899.0
2024-03-25 00:00:00,437.635195548,440.309057299,436.638664046,438.82906002,27789154.0
2024-03-26 00:00:00,440.348523893,441.261188882,437.181329715,437.408262631,34142043.0
2024-03-27 00:00:00,440.486656973,440.585323458,436.036798486,438.898126559,41359240.0
2024-03-28 00:00:00,438.848793317,439.69732509,437.733862033,438.08906138,36839641.0
2024-04-01 00:00:00,439.036259639,441.562121663,437.112263176,439.016526342,38728951.0
2024-04-02 00:00:00,434.211468508,435.543466059,432.188805559,435.227733306,44259665.0
2024-04-03 00:00:00,433.106403872,438.079194732,433.096537224,436.204531511,39949750.0
2024-04-04 00:00:00,440.378123839,440.989856048,429.307744188,429.534677105,57267660.0
2024-04-05 00:00:00,430.955474493,437.260262904,430.146409313,434.5962678,54744634.0
2024-04-08 00:00:00,435.523732762,436.599197452,433.343203437,434.724534231,28144944.0
2024-04-09 00:00:00,437.053063284,437.329329443,431.606673296,436.332797942,39521568.0
2024-04-10 00:00:00,431.172540761,433.382670031,430.462142066,432.524271609,61502191.0
2024-04-11 00:00:00,434.389068181,440.378123839,432.119739019,439.43092558,45474550.0
2024-04-12 00:00:00,435.217866658,436.34266459,431.054140978,432.425605124,53664995.0
2024-04-15 00:00:00,436.165064917,436.253864753,424.473086409,425.311751534,63453622.0
2024-04-16 00:00:00,425.153885157,427.975746637,423.969887334,425.351218128,47618961.0
2024-04-17 00:00:00,427.324547834,427.344281131,419.233896039,420.161361001,56880536.0
2024-04-18 00:00:00,420.802693155,422.529356648,417.191499793,417.763765408,46549363.0
2024-04-19 00:00:00,416.589634233,417.112566605,407.561650828,409.120581296,75230990.0
2024-04-22 00:00:00,411.745109805,415.563502786,408.42004925,413.234973733,47807663.0
2024-04-23 00:00:00,415.158970196,420.595493536,413.285786973,419.401629064,44384741.0
2024-04-24 00:00:00,422.489890054,423.999487279,418.543230642,420.822426453,48440305.0
2024-04-25 00:00:00,413.649372971,419.648295277,412.564041633,418.789896855,57392169.0
2024-04-26 00:00:00,421.917624439,426.781882165,421.226959042,425.252551643,41874907.0
2024-04-29 00:00:00,427.354147779,427.975746637,424.246153492,426.979215135,30022161.0
2024-04-30 00:00:00,425.40055137,426.791748813,418.849096747,418.928029935,43665934.0
2024-05-01 00:00:00,417.507232546,424.404019869,415.050437062,415.898968836,52251707.0
2024-05-02 00:00:00,419.62856198,422.105090761,415.020837117,421.207225745,36559007.0
2024-05-03 00:00:00,428.646678737,430.659475037,426.850948704,429.672810184,48515252.0
2024-05-06 00:00:00,431.468540216,434.46800137,430.698941631,434.379201533,30227200.0
2024-05-07 00:00:00,434.823200717,436.07626508,433.718136081,434.448268072,30996094.0
2024-05-08 00:00:00,431.833606212,435.592799302,431.71520643,434.191735211,24896723.0
2024-05-09 00:00:00,434.458134721,435.711199084,432.613071446,435.13893347,24580121.0
2024-05-10 00:00:00,436.638664046,438.385060836,434.624881081,436.165064917,27116566.0
2024-05-13 00:00:00,438.069328083,438.167994568,435.760532327,437.171463067,22994192.0
2024-05-14 00:00:00,436.74719718,440.511323594,436.559730858,439.983457898,34478321.0
2024-05-15 00:00:00,442.45012003,447.107178136,440.940522805,446.860511923,41464651.0
2024-05-16 00:00:00,446.673045601,448.62664201,445.785047233,445.952780258,34780412.0
2024-05-17 00:00:00,446.081046689,446.68291225,443.545219351,445.735713991,35803719.0
2024-05-20 00:00:00,445.952780258,449.504773729,445.760380612,448.843708278,24474226.0
2024-05-21 00:00:00,446.998645003,449.909306319,446.801312032,449.721839997,23167720.0
2024-05-22 00:00:00,449.978372859,450.728238147,447.038111597,449.63304016,25120040.0
2024-05-23 00:00:00,454.408498049,454.438097994,445.824809827,447.610377211,40899230.0
2024-05-24 00:00:00,449.218640922,453.106100443,447.519012046,451.843169431,29669461.0
2024-05-28 00:00:00,453.0567672,453.609299518,450.599971716,453.550099627,26216815.0
2024-05-29 00:00:00,449.406107244,452.129302238,449.267974165,450.353305503,29739238.0
2024-05-30 00:00:00,449.425840541,449.56397362,444.206383469,445.528514372,30714121.0
2024-05-31 00:00:00,445.755447288,446.446112685,437.146796445,444.699715895,55941301.0
2024-06-03 00:00:00,448.508242228,449.504773729,441.927187658,447.087444839,32997467.0
2024-06-04 00:00:00,446.830911978,449.499840405,445.115200465,448.310909257,23767436.0
2024-06-05 00:00:00,451.872769376,457.427692499,448.348402522,457.348759311,33817409.0
2024-06-06 00:00:00,458.029558059,458.345290812,456.026628408,457.190892934,21966820.0
2024-06-07 00:00:00,456.825826939,459.529288636,455.681295709,456.786360344,25829720.0
2024-06-10 00:00:00,455.661562412,458.986622967,455.375429605,458.631423619,20719771.0
2024-06-11 00:00:00,457.358625959,461.897284283,455.868762031,461.778884501,22053281.0
2024-06-12 00:00:00,465.695943967,470.145802454,465.00527857,467.827140049,34532585.0
2024-06-13 00:00:00,471.349533575,472.010599026,468.09353956,470.362868722,25859014.0
2024-06-14 00:00:00,470.165535751,472.868997448,469.70180327,472.799930909,23372620.0
2024-06-17 00:00:00,473.066330419,480.367650331,471.763932813,478.591653596,37054504.0
2024-06-18 00:00:00,478.542320353,479.420452072,476.983389885,478.739653324,24438565.0
2024-06-20 00:00:00,479.933517796,480.34663437,473.224196795,475.049526773,33918683.0
2024-06-21 00:00:00,474.773260615,476.100324842,472.286865185,473.776729113,39432913.0
2024-06-24 00:00:00,472.552803581,474.282209676,468.244111826,468.382464313,37750969.0
2024-06-25 00:00:00,470.467633947,474.035151662,469.528813496,473.738682046,29250209.0
2024-06-26 00:00:00,472.918449441,475.260559409,472.503391979,474.717031779,22737105.0
2024-06-27 00:00:00,474.469973766,477.414905287,473.659623482,475.942439526,26222135.0
2024-06-28 00:00:00,476.73302517,481.466656708,472.829508556,473.471859391,34881581.0
2024-07-01 00:00:00,474.390915202,476.812083734,470.650456877,476.248791463,24898336.0
2024-07-02 00:00:00,474.756561062,481.30853958,474.628090895,481.249245656,26723559.0
2024-07-03 00:00:00,480.498189295,485.389937963,480.498189295,485.261467796,18064880.0
2024-07-05 00:00:00,486.101465042,490.756038016,485.804995425,490.321215912,28495936.0
2024-07-08 00:00:00,490.686861772,492.035798526,489.668982757,491.487329736,22109420.0
2024-07-09 00:00:00,492.999324778,494.116027,490.400274476,491.912269519,25701253.0
2024-07-10 00:00:00,493.829439704,497.59460383,492.524973393,497.041193879,28046901.0
2024-07-11 00:00:00,497.149899405,497.357428137,484.950174699,486.140994324,49966590.0
2024-07-12 00:00:00,486.714168915,493.740498819,486.24969985,488.99698496,37109399.0
2024-07-15 00:00:00,490.765920336,495.114141374,488.27557556,490.311333592,31151386.0
2024-07-16 00:00:00,491.764034711,492.574384995,487.34663743,490.499097682,25950622.0
2024-07-17 00:00:00,482.533947327,483.046246823,476.031380411,476.100556655,56268768.0
2024-07-18 00:00:00,479.816309178,479.994190948,470.665280358,473.847387572,49347361.0
2024-07-19 00:00:00,473.511388674,476.021498091,468.362699672,469.647401342,42042856.0
2024-07-22 00:00:00,475.497735102,477.6619633,472.085172173,476.644084285,40299999.0
2024-07-23 00:00:00,475.744793116,478.729253919,474.489738407,474.964089793,23282454.0
2024-07-24 00:00:00,468.244111826,468.609757686,457.067207295,457.926969182,58818629.0
2024-07-25 00:00:00,458.26296808,462.433307348,450.268170764,452.877103386,59256759.0
2024-07-26 00:00:00,457.205559783,460.44696092,454.359451467,457.52179404,39992132.0
2024-07-29 00:00:00,460.229549868,462.403660387,456.182739607,458.44084985,28218476.0
2024-07-30 00:00:00,460.367902355,461.070535346,448.805587324,452.145811666,41317210.0
2024-07-31 00:00:00,462.364131104,467.22623281,460.921312306,465.526473677,44552134.0
2024-08-01 00:00:00,466.208353795,469.953753279,450.614051982,454.250745941,56653900.0
2024-08-02 00:00:00,445.583950828,448.232412732,439.239501041,443.469134232,66323244.0
2024-08-05 00:00:00,419.712035654,437.085155163,418.466863266,430.246589349,87483452.0
2024-08-06 00:00:00,432.08470097,441.808904381,429.446121386,434.357634694,63164429.0
2024-08-07 00:00:00,441.23572979,443.716192246,429.258357295,429.653650117,54929163.0
2024-08-08 00:00:00,435.869629737,443.706309925,432.005642406,442.797136435,47890071.0
2024-08-09 00:00:00,441.482787803,446.740182331,440.366085582,445.109599442,33573976.0
2024-08-12 00:00:00,446.078066855,449.022998375,443.276033689,446.068184534,27795006.0
2024-08-13 00:00:00,450.455934854,457.403206193,450.317582366,457.136383539,40084457.0
2024-08-14 00:00:00,458.055439349,459.635918873,453.005573553,457.284618347,34733746.0
2024-08-15 00:00:00,463.243657633,469.23234388,462.868129452,468.837051058,38280565.0
2024-08-16 00:00:00,467.058233361,470.803632846,466.099648269,469.439872611,38383623.0
2024-08-19 00:00:00,469.578225099,475.64596991,467.799407401,475.606440628,23737674.0
2024-08-20 00:00:00,474.697267138,477.256788158,472.918449441,474.608326254,29209340.0
2024-08-21 00:00:00,475.389029576,478.669959995,473.679388123,476.821966055,25658787.0
2024-08-22 00:00:00,479.134429061,479.826191499,468.234229505,469.261990841,37739576.0
2024-08-23 00:00:00,473.600329558,477.059141747,469.686930625,474.35138592,36061508.0
2024-08-26 00:00:00,473.80785829,474.7269141,467.670937234,469.746224548,27452641.0
2024-08-27 00:00:00,468.115641659,472.216804683,466.158942192,471.149514065,27510003.0
2024-08-28 00:00:00,470.685044999,471.406454399,462.383895746,465.803178652,37372436.0
2024-08-29 00:00:00,467.710466517,472.305745568,463.84845565,465.121298535,41081465.0
2024-08-30 00:00:00,469.449754932,471.287866552,464.973063727,470.665280358,33466473.0
2024-09-03 00:00:00,467.631407952,467.759878119,454.003786751,456.375444857,44985219.0
2024-09-04 00:00:00,453.272396208,458.98437748,452.343458077,455.189566392,32505102.0
2024-09-05 00:00:00,453.568865824,459.883668649,452.549998576,455.614506176,34452385.0
2024-09-06 00:00:00,454.912861417,455.792387945,442.915724282,443.409840309,50624385.0
2024-09-09 00:00:00,447.728414385,450.100171314,444.529930189,449.11193926,32981169.0
2024-09-10 00:00:00,450.870992316,453.766512235,446.90818178,453.262513887,29680319.0
2024-09-11 00:00:00,454.497803955,463.846479185,445.969361329,463.105305145,57842992.0
2024-09-12 00:00:00,463.134952107,468.461522878,461.355245001,467.651172593,40175456.0
2024-09-13 00:00:00,466.919880873,470.922220692,466.692587501,469.746224548,29111849.0
2024-09-16 00:00:00,467.621525632,468.283542285,464.360359854,467.670937234,22585596.0
2024-09-17 00:00:00,470.685044999,471.97962899,465.427650472,467.917995248,30084438.0
2024-09-18 00:00:00,469.113756033,473.195154416,465.289297984,465.892119537,39909215.0
2024-09-19 00:00:00,476.93067158,480.508071616,474.835619626,477.671845621,52782523.0
2024-09-20 00:00:00,476.812083734,477.997962199,472.671391428,476.762672131,34577663.0
2024-09-23 00:00:00,478.609642867,479.788948127,477.271775556,478.698834021,24842972.0
2024-09-24 00:00:00,480.10607223,481.959266209,475.854627219,481.007893899,25952637.0
2024-09-25 00:00:00,480.383555821,483.406144931,480.205173512,481.453849669,26549866.0
2024-09-26 00:00:00,488.935996483,489.263030715,481.434029413,485.071046473,32020206.0
2024-09-27 00:00:00,486.091789681,486.230531476,481.196186335,482.375491595,22851120.0
2024-09-30 00:00:00,481.414209156,484.020572881,478.579912483,483.683628521,30330605.0
2024-10-01 00:00:00,483.316953777,483.614257624,473.1095217,476.944741325,42735424.0
2024-10-02 00:00:00,476.042919656,479.531284793,473.426645803,477.618630044,23744049.0
2024-10-03 00:00:00,475.428491706,480.19030832,474.685232088,477.261865428,25337220.0
2024-10-04 00:00:00,483.069200571,483.495336085,478.049720622,482.940368904,30744909.0
2024-10-07 00:00:00,481.027714155,482.197109287,476.548336196,477.767281968,24975119.0
2024-10-08 00:00:00,480.304274795,485.586373141,479.496599344,484.902574293,28272017.0
2024-10-09 00:00:00,484.605270447,489.292761099,483.564706982,488.717973662,24994950.0
2024-10-10 00:00:00,486.438644169,490.026110588,485.130507243,488.163006481,25750446.0
2024-10-11 00:00:00,486.329632759,489.946829562,485.764755449,488.926086355,20644497.0
2024-10-14 00:00:00,491.314427258,494.346926497,490.809010718,493.028879442,26060145.0
2024-10-15 00:00:00,493.355913674,494.019892265,484.288146343,486.438644169,34784506.0
2024-10-16 00:00:00,486.765678401,487.27109494,483.18812211,486.498104938,22996776.0
2024-10-17 00:00:00,491.97840585,492.027956491,486.77568763,486.835049298,27210658.0
2024-10-18 00:00:00,489.619795331,491.116224694,488.866625585,490.026110588,25335030.0
2024-10-21 00:00:00,488.817074944,491.770293157,486.894510068,490.96757277,30336549.0
2024-10-22 00:00:00,488.301748276,492.974373737,487.548578531,491.502719695,26685841.0
2024-10-23 00:00:00,489.154019304,489.808087767,480.690769796,483.97102224,39346565.0
2024-10-24 00:00:00,487.687320326,488.569321739,485.041316089,487.895433019,22024930.0
2024-10-25 00:00:00,490.69008918,495.78389509,489.986470075,490.868471488,38762143.0
2024-10-28 00:00:00,493.980251752,494.039712521,490.650448667,490.947752514,20477778.0
2024-10-29 00:00:00,491.264876617,496.844278811,489.411682638,495.664973551,28014059.0
2024-10-30 00:00:00,494.901893677,495.853265988,491.433348797,491.91894508,29755960.0
2024-10-31 00:00:00,487.954893788,488.004444429,479.402453126,479.501554408,41245248.0
2024-11-01 00:00:00,481.136725566,486.340236596,480.839421719,483.049380314,33655757.0
2024-11-04 00:00:00,482.444862492,484.981855319,479.902419095,481.642142106,23291580.0
2024-11-05 00:00:00,483.227762623,488.4504002,483.138571468,487.786421608,24353615.0
2024-11-06 00:00:00,496.06137868,501.858803695,495.11000637,501.036263052,43082198.0
2024-11-07 00:00:00,503.830919213,509.707625253,503.771458443,508.924725123,32853120.0
2024-11-08 00:00:00,508.424263647,510.289845287,507.804880633,509.519332817,22924483.0
2024-11-11 00:00:00,510.738278589,510.946391282,506.328271527,509.22202897,24167479.0
2024-11-12 00:00:00,509.152658072,510.034659485,505.24806755,508.300387044,25835288.0
2024-11-13 00:00:00,507.794970505,510.351783588,505.366989088,507.646318581,24567416.0
2024-11-14 00:00:00,507.309374221,508.181465506,503.206581134,504.118312931,28679519.0
2024-11-15 00:00:00,498.419989199,498.8064842,490.045930845,492.107237517,51461054.0
2024-11-18 00:00:00,493.65321752,497.627178941,492.265799568,495.526231756,27192662.0
2024-11-19 00:00:00,492.949598416,499.424479797,492.612654056,498.935315867,24523020.0
2024-11-20 00:00:00,498.63801202,498.955136124,492.092372324,498.647922148,29565491.0
2024-11-21 00:00:00,501.690331515,502.403860748,493.088340211,500.441655358,34526738.0
2024-11-22 00:00:00,499.886688177,501.977725234,498.261427147,501.244375745,23826644.0
2024-11-25 00:00:00,505.317438447,506.855985855,499.730603658,502.037186003,26375166.0
2024-11-26 00:00:00,503.513795109,505.555281525,502.67143421,504.732740882,26557061.0
2024-11-27 00:00:00,503.602986263,503.672357161,497.419066248,500.758779461,24957441.0
2024-11-29 00:00:00,501.38311754,505.753484089,500.76868959,505.158876396,15333968.0
2024-12-02 00:00:00,506.417462681,511.620280001,506.03096768,510.658997563,25147165.0
2024-12-03 00:00:00,509.33104038,512.502281414,508.756252943,512.224797824,18597900.0
2024-12-04 00:00:00,515.643792063,518.815033096,514.93026283,518.557369762,26086222.0
2024-12-05 00:00:00,518.606920404,519.330260663,516.733906168,517.120401169,18169632.0
2024-12-06 00:00:00,517.784379761,521.98627413,517.655548094,521.748431053,23762611.0
2024-12-09 00:00:00,520.826789127,521.619599386,516.535703604,517.685278478,20674405.0
2024-12-10 00:00:00,518.914134379,520.658316947,514.494217188,515.921275653,24350040.0
2024-12-11 00:00:00,520.281732075,525.841314012,519.875416817,525.157515164,32168579.0
2024-12-12 00:00:00,522.93764644,524.206142854,521.292565154,521.768251309,23577504.0
2024-12-13 00:00:00,525.692662088,528.374441888,522.561160669,525.762032986,28780405.0
2024-12-16 00:00:00,528.289115684,534.30456352,528.209834659,533.333370953,31979863.0
2024-12-17 00:00:00,531.539637744,532.649572106,529.329679148,530.984670563,28579070.0
2024-12-18 00:00:00,530.340512228,532.05486531,510.381513973,511.828392694,54703155.0
2024-12-19 00:00:00,516.505973219,517.070751427,509.212118842,509.549063201,46441754.0
2024-12-20 00:00:00,505.852585372,520.103349766,504.712920625,513.998710777,60529961.0
2024-12-23 00:00:00,515.710626292,519.38328401,512.315899429,519.006092136,29672800.0
2024-12-24 00:00:00,520.951608117,526.133033329,520.316337592,526.043698412,17558215.0
2024-12-26 00:00:00,524.415817694,527.31423946,522.420671204,525.686358742,19141494.0
2024-12-27 00:00:00,522.122888145,522.559636631,514.033115064,518.698382976,33839555.0
2024-12-30 00:00:00,511.700481108,515.522030355,508.047675595,511.799742128,34584028.0
2024-12-31 00:00:00,513.080209278,513.834593026,506.48927759,507.452109478,29117028.0
2025-01-02 00:00:00,510.499422774,512.822130628,501.972901207,506.459499284,36389783.0
2025-01-03 00:00:00,509.556443089,515.805321305,508.74250273,514.747794404,29059520.0
2025-01-06 00:00:00,520.147593859,524.018773616,518.172299573,520.66375116,36109734.0
2025-01-07 00:00:00,521.705991864,522.103035942,509.486960376,511.372919744,36690272.0
2025-01-08 00:00:00,511.273658725,513.099962221,506.79698675,511.462254662,30777777.0
2025-01-10 00:00:00,507.700262027,507.799523046,500.19612896,503.441964294,40532495.0
2025-01-13 00:00:00,497.496229232,502.280610367,496.007313941,501.824009678,31694210.0
2025-01-14 00:00:00,504.980510095,506.38505352,497.883347208,501.347556785,33737237.0
2025-01-15 00:00:00,509.238807827,514.023188962,507.680409823,512.881687239,34957554.0
2025-01-16 00:00:00,515.144838482,515.224148036,509.159399012,509.288438337,28229037.0
2025-01-17 00:00:00,518.986239932,520.200499983,509.316826989,517.884442617,51837941.0
2025-01-21 00:00:00,520.604194549,522.083183738,516.216857491,520.921829811,23627971.0
2025-01-22 00:00:00,525.656580436,529.875173761,525.348871276,527.582244212,33592988.0
2025-01-23 00:00:00,525.130497033,528.823006955,524.544857019,528.703893732,23096588.0
2025-01-24 00:00:00,529.081085605,529.845395455,524.247073961,525.716137048,19878251.0
2025-01-27 00:00:00,507.223809134,514.16215439,506.380090469,510.410087856,60771695.0
2025-01-28 00:00:00,511.412624152,519.135131462,507.998045085,517.953925331,33194214.0
2025-01-29 00:00:00,518.599121957,518.728161282,513.079018146,516.981167341,26649011.0
2025-01-30 00:00:00,519.839884699,522.207260012,514.380528632,519.184761971,27431302.0
2025-01-31 00:00:00,523.026163422,527.589986572,517.33850701,518.430378224,38845467.0
2025-02-03 00:00:00,509.675556313,517.0006225,507.273439643,514.281267613,40580835.0
2025-02-04 00:00:00,514.797424914,521.229538971,514.400380836,520.594268447,26046753.0
2025-02-05 00:00:00,517.963851433,523.115498339,516.7727192,522.956680708,21134070.0
2025-02-06 00:00:00,523.462911907,525.894806883,521.856173786,525.686358742,19434454.0
2025-02-07 00:00:00,526.222368247,528.167884227,518.331117204,519.055722646,29605470.0
2025-02-10 00:00:00,523.32394648,526.43786392,522.857419689,525.338945174,20852784.0
2025-02-11 00:00:00,522.073257636,526.003994004,521.944218311,524.08825633,19325500.0
2025-02-12 00:00:00,518.440304326,525.279388562,518.092890758,524.39596549,25009362.0
2025-02-13 00:00:00,526.063550616,532.257438226,525.279388562,531.939802964,28714799.0
2025-02-14 00:00:00,532.044027034,534.858076934,531.711502619,534.173175901,17862572.0
2025-02-18 00:00:00,535.741500007,536.00950476,532.078768391,535.384160337,20565028.0
2025-02-19 00:00:00,534.590072182,536.813519017,532.495664673,535.533051866,19666861.0
2025-02-20 00:00:00,534.748889813,535.116155585,528.525223897,533.259974522,26550753.0
2025-02-21 00:00:00,534.401476245,534.421328449,521.825105087,522.192370859,47093750.0
2025-02-24 00:00:00,523.979069208,525.159282729,515.690774088,516.028261554,39268392.0
2025-02-25 00:00:00,515.402917132,515.482325948,505.675337231,509.526664784,48940025.0
2025-02-26 00:00:00,511.720333312,515.819813414,507.591074905,510.757501424,34457618.0
2025-02-27 00:00:00,514.301119817,515.234074138,496.354727509,496.573101752,52447966.0
2025-02-28 00:00:00,496.434136325,505.020214503,493.257783704,504.414722284,47654043.0
2025-03-03 00:00:00,507.739966434,509.248733929,489.932539554,493.376896927,44587204.0
2025-03-04 00:00:00,490.52810567,500.017459125,484.13073297,491.887981636,67875402.0
2025-03-05 00:00:00,492.533178262,499.908272004,487.629683904,498.300243489,46323725.0
2025-03-06 00:00:00,490.041726675,494.895590524,482.607076322,484.59229671,57574332.0
2025-03-07 00:00:00,483.559982109,489.634756496,476.978976522,488.155767307,54714726.0
2025-03-10 00:00:00,479.877398289,480.39355559,465.19669352,469.236617009,76668029.0
2025-03-11 00:00:00,468.859425135,475.266723938,463.558886699,468.11496749,68760771.0
2025-03-12 00:00:00,475.619100557,477.505059925,468.303563427,473.395653722,46971082.0
2025-03-13 00:00:00,472.730604892,472.760482459,462.983172787,464.879058257,46563349.0
2025-03-14 00:00:00,470.229227203,477.008754828,469.623734985,476.115405654,43563010.0
2025-03-17 00:00:00,476.065775144,482.249736652,474.269150693,479.202423357,41744354.0
2025-03-18 00:00:00,475.867253105,476.065775144,468.918981747,471.03324146,39072265.0
2025-03-19 00:00:00,473.286466601,481.743505454,471.360802824,477.336316192,40430334.0
2025-03-20 00:00:00,473.355949314,480.969269502,472.661122178,475.718361576,36780549.0
2025-03-21 00:00:00,470.576640771,478.050995532,469.410323793,477.286685682,42234874.0
2025-03-24 00:00:00,484.857385877,488.605104631,481.537125762,487.760128254,34567186.0
2025-03-25 00:00:00,488.485813848,490.702634225,487.521546689,490.543579848,26035241.0
2025-03-26 00:00:00,489.390435616,490.245352891,479.966463791,481.517243964,35043357.0
2025-03-27 00:00:00,479.55888695,483.704142236,477.411652863,478.773555965,33469817.0
2025-03-28 00:00:00,476.974253327,477.680057124,465.283756632,466.168496603,46363797.0
2025-03-31 00:00:00,459.189985821,467.08305927,454.627113387,466.148614806,53000303.0
2025-04-01 00:00:00,464.538189241,470.830778023,461.675210459,469.906274458,41156226.0
2025-04-02 00:00:00,463.365163212,476.725730863,463.10669985,473.335884458,49894489.0
2025-04-03 00:00:00,453.742373416,457.350919589,447.479607329,447.996534054,70456338.0
2025-04-04 00:00:00,435.550529069,437.767349446,420.171959012,420.171959012,117088441.0
2025-04-07 00:00:00,406.244760144,440.520978344,400.011816753,421.185930664,161556970.0
2025-04-08 00:00:00,435.570410866,440.5193878,407.36808168,413.601025071,101248060.0
2025-04-09 00:00:00,413.113921042,465.065056864,412.974748462,463.24587243,142876878.0
2025-04-10 00:00:00,450.879394633,452.897397039,430.073093968,443.543011503,108384092.0
2025-04-11 00:00:00,442.022054025,453.09621501,438.721675707,451.714430112,52483779.0
2025-04-14 00:00:00,461.714974053,462.301487067,449.954891068,454.776226865,43941179.0
2025-04-15 00:00:00,455.829962111,459.647267154,453.454087358,455.283212691,35404210.0
2025-04-16 00:00:00,446.37616759,449.94495017,435.172774924,441.554831793,48980552.0
2025-04-17 00:00:00,444.52716046,445.103732576,438.751498402,441.475304605,44837047.0
2025-04-21 00:00:00,435.639997156,436.484973533,425.40087165,430.550257099,44149313.0
2025-04-22 00:00:00,436.226510171,444.9347373,435.033602345,441.85305875,52304388.0
2025-04-23 00:00:00,455.462148865,460.641357009,450.203413532,451.873484488,55801136.0
2025-04-24 00:00:00,453.78213701,464.896061589,453.135978604,464.587893734,45956136.0
2025-04-25 00:00:00,464.210139589,470.293969501,462.639477618,469.767101878,38697063.0
2025-04-28 00:00:00,470.23432411,472.001815872,463.275695125,469.6179884,33550778.0
2025-04-29 00:00:00,467.391227125,473.608563305,466.814655009,472.719548748,30613120.0
2025-04-30 00:00:00,464.369193966,474.379678806,459.696971647,472.659903356,46810610.0
2025-05-01 00:00:00,480.552976805,484.300695558,477.898756892,478.833201356,43316539.0
2025-05-02 00:00:00,483.664478051,488.008650718,481.964584399,485.940943819,39218082.0
2025-05-05 00:00:00,481.735943733,486.13976179,481.238898805,483.05808324,28309490.0
2025-05-06 00:00:00,476.725730863,482.183284167,475.363827762,478.564797095,32786310.0
2025-05-07 00:00:00,479.230837298,482.928851559,473.964149246,480.443626921,38109864.0
2025-05-08 00:00:00,485.642716863,489.788071558,481.308485095,485.404135297,39577592.0
2025-05-09 00:00:00,487.312787819,488.634927326,483.321517051,485.086026544,27767416.0
2025-05-12 00:00:00,503.993615586,504.888296455,498.516180485,504.848532861,45090616.0
2025-05-13 00:00:00,506.150790571,514.332150078,505.415164079,512.542788339,53269573.0
2025-05-14 00:00:00,513.715814368,516.159187822,512.701842716,515.614525991,47014516.0
2025-05-15 00:00:00,513.467291904,518.84531802,512.1252706,516.181157208,50153275.0
2025-05-16 00:00:00,517.582823904,518.616677353,514.04386402,518.427800281,48394603.0
2025-05-19 00:00:00,511.200767035,519.441771933,511.200767035,518.924845208,52536154.0
2025-05-20 00:00:00,516.399856976,517.851228165,513.606464484,517.19512886,42517561.0
2025-05-21 00:00:00,513.21876944,519.908994165,508.21849747,510.007859209,71292831.0
2025-05-22 00:00:00,510.624194919,514.650258832,509.272232716,510.96218547,55607169.0
2025-05-23 00:00:00,503.188402803,508.814951383,502.59194889,506.23031776,58368075.0
2025-05-27 00:00:00,513.099478658,518.626618252,511.548698484,518.139514223,47226323.0
2025-05-28 00:00:00,519.093840483,520.584975266,515.326239933,515.843166658,46637175.0
2025-05-29 00:00:00,523.219313382,523.36842686,514.262563788,516.85713831,58724069.0
2025-05-30 00:00:00,516.370034281,517.602705701,508.90441947,516.041984629,67662836.0
2025-06-02 00:00:00,514.1830366,520.356334599,512.920542484,520.117753034,44762817.0
2025-06-03 00:00:00,520.465684483,525.615069932,519.600826309,524.183580541,44070330.0
2025-06-04 00:00:00,524.889384338,526.708568773,522.86084458,525.644892628,41359322.0
2025-06-05 00:00:00,527.046559323,529.899597207,519.571003614,521.688415005,61286623.0
2025-06-06 00:00:00,526.86762315,528.656984888,525.088202309,526.788095961,42467021.0
2025-06-09 00:00:00,527.006795729,529.203734309,525.883474193,527.563486048,33688671.0
2025-06-10 00:00:00,528.03070828,531.738663439,525.76418341,531.052741439,40664795.0
2025-06-11 00:00:00,532.454408135,533.607552366,526.976973034,529.2633797,53701033.0
2025-06-12 00:00:00,527.951181091,531.483977618,527.702658628,530.505992019,34104887.0
2025-06-13 00:00:00,524.561334686,528.726571178,522.622859469,523.84558999,55814443.0
2025-06-16 00:00:00,527.364668077,532.205885671,527.314963584,531.132268627,37622051.0
2025-06-17 00:00:00,528.567516802,530.172971917,524.789975353,525.953060483,42180866.0
2025-06-18 00:00:00,526.967032135,529.40255228,524.282989527,525.863592396,43983522.0
2025-06-20 00:00:00,529.114266222,530.406583033,521.777883092,523.716358309,61643519.0
2025-06-23 00:00:00,524.284730996,529.619037783,521.139878488,529.101530408,50666146.0
2025-06-24 00:00:00,534.316412416,538.108149143,533.699384392,537.192559172,45441982.0
2025-06-25 00:00:00,539.461629969,540.705638081,536.794476576,538.565944128,44804168.0
2025-06-26 00:00:00,540.745446341,544.049531888,538.924218464,543.601688967,43811432.0
2025-06-27 00:00:00,544.636703717,547.353617435,541.934718097,545.462725104,57577147.0
2025-06-30 00:00:00,548.617529677,550.150147672,546.378315074,548.995708143,45548742.0
2025-07-01 00:00:00,547.094863747,548.070166107,542.049166843,544.367997965,56166736.0
2025-07-02 00:00:00,543.541976578,548.35877599,543.502168318,548.159734691,36538281.0
2025-07-03 00:00:00,550.528326138,554.529056228,550.528326138,553.553753867,26443524.0
2025-07-07 00:00:00,550.866696344,551.682765666,546.945582774,549.383838674,45349323.0
2025-07-08 00:00:00,550.727367436,551.354347524,548.458296639,549.692352686,36153258.0
2025-07-09 00:00:00,551.822094575,554.956995018,550.448709619,553.583610062,43045534.0
2025-07-10 00:00:00,554.220542216,554.628576877,550.100387347,552.78744487,34710913.0
2025-07-11 00:00:00,550.647750917,553.125815077,549.403742804,551.543436758,39618635.0
2025-07-14 00:00:00,551.334443395,554.275278573,548.985756078,553.543801802,36453314.0
2025-07-15 00:00:00,557.564436022,558.111799592,553.991644723,554.051357112,43277661.0
2025-07-16 00:00:00,554.608672747,557.524627762,548.916091624,554.618624812,52314711.0
2025-07-17 00:00:00,555.345125549,559.614561391,554.539008292,559.107006082,40423778.0
2025-07-18 00:00:00,560.420678648,562.019179313,557.29573027,558.569594577,50484704.0
2025-07-21 00:00:00,559.395615964,563.346585729,559.365759769,561.465645463,39595214.0
2025-07-22 00:00:00,561.595022307,561.644782631,555.932297378,558.559642512,43270647.0
2025-07-23 00:00:00,559.644417586,561.147179386,556.897647674,561.107371126,40215259.0
2025-07-24 00:00:00,562.421043693,563.525722897,560.594839784,562.301618914,42275541.0
2025-07-25 00:00:00,562.222002395,564.97374834,561.565166112,563.655099741,30630813.0
2025-07-28 00:00:00,565.018532632,566.312301069,564.152702986,565.416615228,31498739.0
2025-07-29 00:00:00,568.024056232,569.367584993,563.814332779,564.540833517,45463317.0
2025-07-30 00:00:00,565.456423488,567.884727323,562.341427174,565.297190449,43433777.0
2025-07-31 00:00:00,571.785936764,571.875505348,561.167083516,562.301618914,64613590.0
2025-08-01 00:00:00,556.151242806,556.340332039,549.035516403,551.224970681,69400789.0
2025-08-04 00:00:00,556.370188234,561.609950404,556.270667585,561.395981009,47669751.0
2025-08-05 00:00:00,562.679797381,563.844885618,557.046928647,557.584340152,48666640.0
2025-08-06 00:00:00,558.420313603,565.038436762,557.942614488,564.600545906,41823677.0
2025-08-07 00:00:00,568.929694138,570.571784846,562.401139563,566.511342367,44462972.0
2025-08-08 00:00:00,567.71554222,572.014834257,567.416980273,571.795888829,35255472.0
2025-08-11 00:00:00,571.935217738,574.035103432,568.830173489,570.104037796,33112917.0
2025-08-12 00:00:00,572.402964788,577.568086471,569.740787427,577.269524524,42271441.0
2025-08-13 00:00:00,579.966534112,580.523750226,576.16484532,577.558134406,41209294.0
2025-08-14 00:00:00,575.508009037,579.090752401,575.139782635,577.110291486,45425043.0
2025-08-15 00:00:00,577.020722902,577.060531161,572.815278837,574.572514936,49480161.0
2025-08-18 00:00:00,573.676829095,574.995477694,572.483775555,574.343617443,29830957.0
2025-08-19 00:00:00,573.627068771,573.796253874,565.526087942,566.551150627,53752635.0
2025-08-20 00:00:00,565.605704461,565.72512924,556.161194871,563.187352691,76781087.0
2025-08-21 00:00:00,561.644782631,563.77452452,558.29093676,560.579911687,46436899.0
2025-08-22 00:00:00,561.963248708,571.238573195,560.569959622,569.228256085,51502129.0
2025-08-25 00:00:00,567.665781896,570.539042553,566.431725848,567.586165376,34044749.0
2025-08-26 00:00:00,567.098514196,570.17370225,566.073451512,569.865188238,34103014.0
2025-08-27 00:00:00,568.850077619,571.651583888,567.635925701,570.74096995,36927144.0
2025-08-28 00:00:00,571.357997973,575.22935122,569.715907265,574.313761249,46787857.0
2025-08-29 00:00:00,571.90038551,572.273587944,565.814697824,567.665781896,56030409.0
2025-09-02 00:00:00,558.619354901,563.252041112,556.852863382,562.908694873,65876765.0
2025-09-03 00:00:00,566.501390302,568.9545743,564.008398045,567.337363754,54230213.0
2025-09-04 00:00:00,568.004152102,572.840855644,566.297372972,572.472629242,47526280.0
2025-09-05 00:00:00,577.70741538,578.334395468,568.790365229,573.298650629,68342532.0
2025-09-08 00:00:00,575.597577621,578.055737651,575.000453727,576.095180866,46371354.0
2025-09-09 00:00:00,576.891346058,578.1552583,574.273952989,577.727319509,44007592.0
2025-09-10 00:00:00,580.941836472,580.971692667,575.776714789,577.916408743,49307959.0
2025-09-11 00:00:00,580.444233227,582.076371871,578.831998713,581.280206679,44745766.0
2025-09-12 00:00:00,582.235604909,585.042087211,581.300110809,583.847839423,50745886.0
2025-09-15 00:00:00,585.619306975,588.953248717,585.475002034,588.843776003,44360315.0
2025-09-16 00:00:00,589.769318038,590.018119661,587.65948028,588.346172758,36942130.0
2025-09-17 00:00:00,588.266556239,588.913440457,581.563840528,587.1718291,69384820.0
2025-09-18 00:00:00,592.058292965,595.272809928,590.11764031,592.466327626,61069294.0
2025-09-19 00:00:00,594.466692671,597.173654324,592.993787066,596.477009781,58196109.0
2025-09-22 00:00:00,595.564293944,600.675621324,595.544366742,600.008060048,57154769.0
2025-09-23 00:00:00,600.177441267,600.37671329,594.807060258,596.022619596,64635486.0
2025-09-24 00:00:00,597.397596552,597.716431788,591.200236649,593.930263359,49850301.0
2025-09-25 00:00:00,590.044458918,592.948848647,586.3579265,591.369617868,70920209.0
2025-09-26 00:00:00,592.186633161,594.129535381,588.908608389,593.800736544,54337416.0
2025-09-29 00:00:00,596.929307299,599.858606031,595.235495107,596.550690456,48332934.0
2025-09-30 00:00:00,596.251782422,598.52348348,593.930263359,598.184721041,46533814.0
2025-10-01 00:00:00,594.99636868,601.592272628,594.169389786,601.054238167,46899612.0
2025-10-02 00:00:00,604.850370197,604.950006209,600.735402931,603.525211247,43765410.0
2025-10-03 00:00:00,604.302372135,605.114903807,599.196026556,600.984492959,46482098.0
2025-10-06 00:00:00,606.235310754,607.141998457,603.764337674,605.498004271,41962115.0
2025-10-07 00:00:00,606.803236019,607.490724497,600.835038942,602.309651909,58209463.0
2025-10-08 00:00:00,603.206376011,609.523299127,603.056921994,609.214427492,50629754.0
2025-10-09 00:00:00,609.254281897,609.383808711,605.268841445,608.477121009,45550958.0
2025-10-10 00:00:00,609.174573088,610.948094089,586.905924562,587.354286613,97614783.0
2025-10-13 00:00:00,597.497232563,600.755330133,595.056150286,599.818751627,65872584.0
2025-10-14 00:00:00,593.14313887,600.496276503,587.981993484,595.823347574,69203187.0
2025-10-15 00:00:00,601.811471853,604.491680557,593.76088214,600.02798725,62805456.0
2025-10-16 00:00:00,602.907467977,606.095820339,593.332447291,597.806104198,70981963.0
2025-10-17 00:00:00,595.773529568,603.306012022,594.199280589,601.731763044,72024872.0
2025-10-20 00:00:00,604.930079006,610.569477246,604.855351998,609.314063504,45761697.0
2025-10-21 00:00:00,609.413699515,610.491063705,607.102144053,609.154645885,44538161.0
2025-10-22 00:00:00,608.596684222,609.184536689,597.55701417,603.28608482,61478802.0
2025-10-23 00:00:00,602.708195954,609.144682284,602.31961551,608.357557795,42844298.0
2025-10-24 00:00:00,613.747866006,616.169021081,612.890996309,614.853825732,47632473.0
2025-10-27 00:00:00,622.24681777,626.262149026,621.758601315,625.803823374,54098611.0
2025-10-28 00:00:00,628.06556083,632.369836518,626.959601105,630.616242719,61195733.0
2025-10-29 00:00:00,633.276524221,634.691355582,627.955961218,633.455869042,67422806.0
2025-10-30 00:00:00,629.868972635,631.194131585,623.661649131,623.771248743,61628621.0
2025-10-31 00:00:00,631.861692861,631.891583664,624.408919215,626.780256284,66305147.0
2025-11-03 00:00:00,632.798271367,633.505687047,627.557417173,629.779300225,37154307.0
2025-11-04 00:00:00,621.01133123,624.667972845,616.203893685,616.995999975,63830768.0
2025-11-05 00:00:00,616.238766289,624.319246805,614.963425344,621.01133123,48688484.0
2025-11-06 00:00:00,619.526754662,619.77584469,608.078576963,609.443590318,72115128.0
2025-11-07 00:00:00,606.095820339,607.729850924,596.490908849,607.5206153,81835388.0
2025-11-10 00:00:00,616.667201137,622.037582147,614.644590108,620.961513224,55919931.0
2025-11-11 00:00:00,618.311195324,620.453369567,615.272296979,619.307555437,44868841.0
2025-11-12 00:00:00,622.565653006,622.585580209,615.561241412,618.819338982,47444384.0
2025-11-13 00:00:00,615.292224182,615.870113047,603.873937287,606.185492749,71333634.0
2025-11-14 00:00:00,597.367705749,611.117475308,594.99636868,606.643818401,80087291.0
2025-11-17 00:00:00,604.093136511,610.25064201,597.686540985,601.462745813,63850367.0
2025-11-18 00:00:00,597.437450957,600.117659661,589.187589221,594.139498983,83327279.0
2025-11-19 00:00:00,594.896732668,603.953646096,592.425759588,597.686540985,73111487.0
2025-11-20 00:00:00,609.393772313,611.795000185,582.621576076,583.53822738,117743195.0
2025-11-21 00:00:00,585.331675584,594.807060258,578.626172023,587.922211877,103344155.0
2025-11-24 00:00:00,593.113248066,604.471753354,592.993684853,602.957285983,60168149.0
2025-11-25 00:00:00,601.313291796,608.038822195,595.145822697,606.673709204,57560867.0
2025-11-26 00:00:00,610.280532813,613.947138029,608.168249374,612.034126612,42393598.0
2025-11-28 00:00:00,613.86742922,617.065745183,613.177350206,616.995999975,23034394.0
2025-12-01 00:00:00,611.39645614,617.185408032,610.290496414,614.92357094,40957588.0
2025-12-02 00:00:00,617.205235598,621.479620483,615.342042187,619.735990286,54541834.0
2025-12-03 00:00:00,617.364653217,621.947909736,615.780440637,621.250457657,47841627.0
2025-12-04 00:00:00,622.655325417,622.665289018,617.284944408,620.672568792,47067751.0
2025-12-05 00:00:00,622.107327354,626.630802267,621.439766079,623.203323479,53614169.0
2025-12-08 00:00:00,624.927026474,626.551093458,619.42711865,622.007691343,43462406.0
2025-12-09 00:00:00,620.742314,623.591903923,618.739630173,622.77488863,37155999.0
2025-12-10 00:00:00,621.579256495,626.9197467,618.729666571,625.325570519,55031384.0
2025-12-11 00:00:00,621.549365691,623.502231513,615.471569002,623.30295949,58272844.0
2025-12-12 00:00:00,619.815699095,621.27038486,609.134718683,611.386492539,75158726.0
2025-12-15 00:00:00,616.119203075,616.169021081,607.102144053,608.317703391,49538197.0
2025-12-16 00:00:00,606.046002333,611.276892926,604.701015816,609.523299127,55152819.0
2025-12-17 00:00:00,610.828530875,611.416383342,598.095048631,598.224575446,70654327.0
2025-12-18 00:00:00,607.580396907,610.699004061,604.710879781,606.892908429,78875824.0
2025-12-19 00:00:00,609.72257115,615.371932991,609.642862341,614.804007726,60369829.0
2025-12-22 00:00:00,619.886086351,620.185379545,616.314520906,617.751128236,43703101.0
2025-12-23 00:00:00,616.743507817,620.943588969,616.324497346,620.644295775,41120445.0
2025-12-24 00:00:00,620.524578498,622.80918321,620.255214623,622.460007817,18468707.0
2025-12-26 00:00:00,623.188287922,624.041273524,621.671869074,622.420102058,28959778.0
2025-12-29 00:00:00,618.639031377,621.312717241,617.272259126,619.407217241,32458308.0
2025-12-30 00:00:00,618.379643943,620.714130854,617.756116456,617.970609911,31226754.0
2025-12-31 00:00:00,618.190091587,618.49936122,612.603285304,612.862672739,40746527.0
2026-01-02 00:00:00,618.599125618,621.38255232,608.712473786,611.675476404,61859163.0
2026-01-05 00:00:00,617.860869074,619.347358602,615.266994728,616.534002582,46828359.0
2026-01-06 00:00:00,617.771081116,622.551092712,617.08270677,621.951209388,43137520.0
2026-01-07 00:00:00,621.572104676,626.460560173,621.093235566,622.549795775,44880339.0
2026-01-08 00:00:00,621.562128236,621.951209388,616.344450226,619.00815965,50435941.0
2026-01-09 00:00:00,619.94594499,626.410677974,617.601481639,625.17359944,49688734.0
2026-01-12 00:00:00,620.843824571,627.363427974,620.793942372,625.692374309,37388651.0
2026-01-13 00:00:00,625.792138707,627.986955461,622.225561482,624.764565408,44481380.0
2026-01-14 00:00:00,620.773989492,621.981138707,613.112083734,618.090327189,72598700.0
2026-01-15 00:00:00,625.123717241,628.51570677,619.287499964,620.315073262,53934892.0
2026-01-16 00:00:00,624.026308864,624.604942372,617.421905723,619.796298393,61058094.0
2026-01-20 00:00:00,609.091578498,613.605917503,605.619777451,606.62739787,81988898.0
2026-01-21 00:00:00,608.034075881,618.958277451,606.431360828,614.828031378,79837881.0
2026-01-22 00:00:00,620.88373033,620.993471168,616.324497346,619.297476404,42254757.0
2026-01-23 00:00:00,618.269903105,623.926444702,617.192447608,621.252858602,43645825.0
2026-01-26 00:00:00,621.741704152,626.13133766,620.654272215,623.986403105,35983008.0
2026-01-27 00:00:00,627.428274832,630.553594125,625.861973785,629.643044466,38997212.0
2026-01-28 00:00:00,633.962842895,635.100157031,630.321442371,631.728120382,50691691.0
2026-01-29 00:00:00,631.159463314,632.177060172,616.813342896,627.947049701,79944047.0
2026-01-30 00:00:00,624.2358141,626.77581567,617.838422084,620.40486122,65650714.0
2026-02-02 00:00:00,617.242329807,627.009264361,617.202424048,624.664801011,49020292.0
2026-02-03 00:00:00,626.819712005,628.49575389,609.520565409,615.067465933,81233969.0
2026-02-04 00:00:00,613.570999964,613.650811482,599.05528007,604.322840279,81850748.0
2026-02-05 00:00:00,598.795892635,603.385054938,593.35873295,595.623384782,89354492.0
2026-02-06 00:00:00,598.775939756,609.9695052,597.359285305,608.213651797,78019338.0
2026-02-09 00:00:00,606.108623001,615.007607294,603.644442373,612.872649179,56797557.0
2026-02-10 00:00:00,613.855328498,615.566287922,609.570447608,610.029363839,53938859.0
2026-02-11 00:00:00,614.927795776,616.065109912,606.258269598,611.665499964,58575101.0
2026-02-12 00:00:00,613.261730331,614.359138707,598.157300724,599.224879546,81378903.0
2026-02-13 00:00:00,599.01537431,605.051120383,595.014821955,600.501863839,69237547.0
2026-02-17 00:00:00,596.965215934,602.527081117,591.942078499,599.883324572,69013763.0
2026-02-18 00:00:00,600.691416195,608.334366718,599.304691064,604.362746038,64250668.0
2026-02-19 00:00:00,601.38976698,604.387687137,599.334620384,602.048212007,60960839.0
2026-02-20 00:00:00,598.706104677,608.912002582,597.818201536,607.375630854,74127323.0
2026-02-23 00:00:00,605.175825881,606.577515671,597.638625619,599.99306541,63859111.0
2026-02-24 00:00:00,600.980732949,607.555206771,598.317023525,606.437845514,55023732.0
2026-02-25 00:00:00,609.630306247,615.376735566,609.560471169,615.227088969,55710653.0
2026-02-26 00:00:00,614.139657032,614.139657032,602.557010436,607.804617765,96178870.0
2026-02-27 00:00:00,601.559366457,606.886785305,600.771227714,605.859212006,68125196.0
2026-03-02 00:00:00,597.449073263,608.483015671,596.581123002,606.65732719,75264644.0
2026-03-03 00:00:00,594.925033997,602.537057556,590.47554185,600.162664886,97015532.0
2026-03-04 00:00:00,602.736586352,611.436041849,602.008306247,609.311060174,70943888.0
2026-03-05 00:00:00,605.968952844,611.316324572,600.841062792,607.475395252,89602407.0
2026-03-06 00:00:00,598.895657033,604.572251274,596.920321955,598.336976405,86302307.0
2026-03-09 00:00:00,592.824993421,607.834547085,589.936814102,606.328104677,93068170.0
2026-03-10 00:00:00,606.348057556,611.84507588,603.993617766,606.338081116,64078867.0
2026-03-11 00:00:00,607.515301012,610.987102058,603.604536614,606.258269598,60114800.0
2026-03-12 00:00:00,601.339884782,602.716633473,595.643337661,595.852842897,71836629.0
2026-03-13 00:00:00,598.317023525,602.17780596,591.173892636,592.321183211,63145490.0
2026-03-16 00:00:00,598.626293159,602.437293158,597.698484258,598.965492112,49077155.0
2026-03-17 00:00:00,601.718989494,604.472486876,600.45198164,601.88858897,47106607.0
2026-03-18 00:00:00,600.072876928,601.738942373,593.159204154,593.498403107,56127962.0
2026-03-19 00:00:00,588.12110206,594.396282688,585.696827191,591.622832426,75597578.0
2026-03-20 00:00:00,589.667450227,589.777191065,577.17694761,580.688654416,91964677.0
2026-03-23 00:00:00,589.871378146,594.426369483,585.316386809,587.354146092,89936118.0
2026-03-24 00:00:00,584.167649959,587.284222979,581.290813325,583.338561623,57750895.0
2026-03-25 00:00:00,588.492893926,590.720444514,585.046683375,587.174343802,60475491.0
2026-03-26 00:00:00,581.960077403,583.987847669,572.800149648,573.159754228,81492124.0
2026-03-27 00:00:00,570.183027433,570.392796771,560.953176566,561.962067191,82702240.0
2026-03-30 00:00:00,566.756794914,567.426058992,554.98973396,557.666790272,70602622.0
2026-03-31 00:00:00,563.670188942,578.004427031,563.590276813,576.546030682,95877997.0
2026-04-01 00:00:00,580.841307601,587.093432772,579.782471895,583.668199154,79435132.0
2026-04-02 00:00:00,573.339556517,585.406287954,571.291808219,584.337463232,50941709.0
2026-04-06 00:00:00,585.586090244,589.961279291,584.047781766,587.853596896,35108496.0
2026-04-07 00:00:00,584.996738294,588.333069668,577.764790535,587.943498041,49948195.0
2026-04-08 00:00:00,608.041398414,609.230091329,601.458636811,605.424276198,63085996.0
2026-04-09 00:00:00,605.264451941,609.829432294,602.367637275,609.519772795,37837538.0
2026-04-10 00:00:00,611.16796045,612.995950395,608.910442814,610.398806211,34038533.0
2026-04-13 00:00:00,608.810552653,626.051594424,607.442057448,616.71186438,32972110.0
2026-04-14 00:00:00,619.538755933,627.909551417,619.41888774,627.909551417,49921081.0
2026-04-15 00:00:00,628.389024189,637.129413268,627.509990773,636.699885576,50102386.0
2026-04-16 00:00:00,638.507897488,641.474635267,634.557241625,639.766513516,42320581.0
2026-04-17 00:00:00,644.880889754,649.28604585,643.362559308,648.137308999,53488871.0
2026-04-20 00:00:00,647.328198696,648.047407854,641.814261814,646.079571685,37138511.0
2026-04-21 00:00:00,647.697792291,649.485826171,641.504602315,643.622273726,39580523.0
2026-04-22 00:00:00,649.435881091,654.610191425,647.807671468,654.390433071,37368402.0
2026-04-23 00:00:00,652.832146561,656.198444984,644.810966641,650.704486134,40099827.0
2026-04-24 00:00:00,657.786698542,663.780108196,655.808973246,663.150800182,45563050.0
2026-04-27 00:00:00,662.67132741,663.700196067,659.96430405,663.500415746,32717030.0
2026-04-28 00:00:00,656.687906772,658.91545736,653.09186098,656.827752997,34147916.0
2026-04-29 00:00:00,657.906566735,660.993172707,655.868707563,660.843337466,31724860.0
2026-04-30 00:00:00,664.619185548,668.16528626,656.837742014,667.006560393,40622226.0
2026-05-01 00:00:00,668.425000678,675.227520635,668.065396099,673.409519707,39172607.0
2026-05-04 00:00:00,673.918959527,675.986685858,668.16528626,672.140914663,34541990.0
2026-05-05 00:00:00,677.215334837,682.023447842,676.765829113,680.86132571,37101063.0
2026-05-06 00:00:00,687.024548638,695.165596751,685.725976546,695.005772493,38778492.0
2026-05-07 00:00:00,695.814882797,700.469764295,691.010166057,694.176684158,43779087.0
2026-05-08 00:00:00,699.151214171,710.448791369,698.731675495,710.448791369,44320421.0
2026-05-11 00:00:00,709.579746969,713.805100775,708.131339636,712.506528683,36019146.0
2026-05-12 00:00:00,707.442097525,709.399944679,695.874816893,706.463173949,45873009.0
2026-05-13 00:00:00,709.180186325,715.862838089,704.055821071,713.924968968,40012526.0
2026-05-14 00:00:00,713.835067823,721.236928746,713.435507179,718.999389142,33327545.0
2026-05-15 00:00:00,709.359988615,714.344507644,704.775030229,708.151317668,51792656.0
2026-05-18 00:00:00,710.758450867,711.28786872,698.082389449,705.10466776,49834549.0
2026-05-19 00:00:00,699.041334994,705.713997742,694.486343657,700.759445761,46827529.0
2026-05-20 00:00:00,704.515315811,712.366682458,703.016963398,712.366682458,36779222.0
2026-05-21 00:00:00,708.211251764,716.332321846,705.993690192,713.725188646,36415360.0
2026-05-22 00:00:00,717.281278374,721.326829891,715.163606963,716.751860521,33118575.0
2026-05-26 00:00:00,725.162612069,730.366889452,723.364589173,729.47786702,34254692.0
2026-05-27 00:00:00,732.154923332,732.514527911,724.643183232,728.648778685,35148674.0
2026-05-28 00:00:00,728.928471135,735.790925189,725.612117793,734.79202358,32839952.0
2026-05-29 00:00:00,737.029563184,740.815400282,734.442408017,737.49904694,37541668.0
2026-06-01 00:00:00,736.230441897,744.83098475,735.181595207,741.924181068,33890559.0
2026-06-02 00:00:00,741.584554521,745.620117021,738.418036421,745.340424571,30085237.0
2026-06-03 00:00:00,746.489161421,747.827689577,740.196081285,743.392566433,40270198.0
2026-06-04 00:00:00,734.672155387,742.682147609,731.815296785,739.796520641,40782580.0
2026-06-05 00:00:00,729.258108666,730.886318289,703.54638125,704.285568441,99606571.0
2026-06-08 00:00:00,717.021563956,722.235830355,712.286770329,715.283475156,47401451.0
2026-06-09 00:00:00,722.185885274,724.862941586,685.616097369,707.052525898,91932171.0
2026-06-10 00:00:00,700.88930297,710.498736449,692.168891924,692.928057147,65334283.0
2026-06-11 00:00:00,698.521906157,717.58304655,694.236618255,716.332321846,71798857.0
2026-06-12 00:00:00,716.821783634,723.214753932,710.498736449,720.547686636,51236021.0
2026-06-15 00:00:00,737.289277602,743.941862428,736.570068444,743.182797096,46710216.0
2026-06-16 00:00:00,741.43471928,743.402555449,728.83856999,729.058328344,45348675.0
2026-06-17 00:00:00,734.38247392,734.871935709,720.058224847,721.716401518,51669322.0
2026-06-18 00:00:00,736.390266154,741.005191588,731.705417608,739.806509657,50154595.0
2026-06-22 00:00:00,742.02,745.45,734.39,737.95,43518595.0
2026-06-23 00:00:00,715.74,723.61,712.1101,713.65,53354151.0
2026-06-24 00:00:00,715.37,719.93,704.45,710.62,52480437.0
2026-06-25 00:00:00,725.9,726.83,705.3,716.38,50144089.0
2026-06-26 00:00:00,707.13,715.555,702.81,706.52,47081821.0
2026-06-29 00:00:00,713.99,724.58,705.172,724.08,44939090.0
2026-06-30 00:00:00,724.18,737.62,723.91,736.4,42121829.0
2026-07-01 00:00:00,729.19,731.92,724.6,725.17,40803791.0
2026-07-02 00:00:00,725.58,730.83,707.56,712.6,51086080.0
2026-07-06 00:00:00,719.93,726.08,718.45,722.82,30220428.0
2026-07-07 00:00:00,714.17,716.35,704.9,709.43,42483079.0
2026-07-08 00:00:00,704.95,712.2599,700.91,711.44,35603179.0
2026-07-09 00:00:00,718.33,724.23,715.125,723.28,33654712.0
2026-07-10 00:00:00,720.7,726.39,717.0,725.51,26415898.0
2026-07-13 00:00:00,717.72,718.74,710.08,711.74,36552362.0
2026-07-14 00:00:00,720.22,722.29,714.34,719.69,29448117.0
2026-07-15 00:00:00,723.85,724.36,710.23,717.74,32627583.0
2026-07-16 00:00:00,712.01,713.599,702.61,705.94,39402024.0
2026-07-17 00:00:00,691.65,702.3,686.76,695.33,54109267.0
2026-07-20 00:00:00,702.16,705.8,695.51,696.06,29687558.0
2026-07-21 00:00:00,706.57,710.05,702.8,708.97,33728341.0
2026-07-22 00:00:00,703.62,709.65,703.62,705.35,23692181.0
2026-07-23 00:00:00,694.67,698.66,687.79,691.96,44028575.0
2026-07-24 00:00:00,690.41,692.63,682.48,684.23,42876658.0
2026-07-27 00:00:00,691.68,692.3,675.945,682.12,42681473.0
2026-07-28 00:00:00,676.23,679.4,667.88,675.49,51398741.0
2026-07-29 00:00:00,675.505,680.05,661.14,661.73,57233269.0
2026-07-30 00:00:00,674.76,685.12,673.3,683.55,66753681.0
2026-07-31 00:00:00,692.11,695.77,680.0512,687.99,50540483.0
2026-08-03 00:00:00,688.3,701.59,685.82,700.07,44965071.0
2026-08-04 00:00:00,708.16,725.66,707.53,723.85,59778624.0
2026-08-05 00:00:00,726.25,728.54,716.92,717.3,33540176.0
2026-08-06 00:00:00,710.82,719.32,708.5,714.65,33035860.0
2026-08-07 00:00:00,720.15,723.63,716.51,723.03,31070371.0
2026-08-10 00:00:00,722.39,724.67,720.33,720.87,26243183.0
2026-08-11 00:00:00,723.29,723.35,715.5,718.45,29286144.0
2026-08-12 00:00:00,727.08,727.25,722.92,723.7,29065976.0
2026-08-13 00:00:00,725.15,733.96,724.03,732.07,31599737.0
2026-08-14 00:00:00,733.41,734.39,728.32,731.07,23790607.0
2026-08-17 00:00:00,732.95,734.58,729.27,729.87,26452580.0
2026-08-18 00:00:00,720.21,722.13,715.92,717.51,48997172.0
2026-08-19 00:00:00,720.39,721.4999,712.61,716.08,35801712.0
2026-08-20 00:00:00,712.09,714.94,708.52,710.93,33396416.0
2026-08-21 00:00:00,715.23,715.6738,709.2,713.44,33399407.0
2026-08-24 00:00:00,709.66,709.79,702.7,706.32,37443142.0
2026-08-25 00:00:00,711.22,714.04,707.45,710.72,23869646.0
2026-08-26 00:00:00,708.63,712.12,708.48,711.9109,3150767.0
